Workbook

Sheet Jugadores
A1: ID FotMob | B1: Jugador | C1: Club | D1: Conferencia | E1: Estado | F1: Línea | G1: Pos. principal | H1: Posiciones FotMob | I1: Dorsal | J1: Edad | K1: Nacimiento | L1: Nacionalidad | M1: Altura (cm) | N1: Valor est. FotMob (€) | O1: Lesionado | P1: PJ | Q1: Minutos | R1: Rating FotMob | S1: MVP partido | T1: Goles | U1: Goles de penal | V1: Asistencias | W1: G+A | X1: Goles /90 | Y1: Tiros /90 | Z1: Tiros a puerta /90 | AA1: Conversión tiro % | AB1: Ocasiones claras falladas | AC1: Ocasiones creadas | AD1: Ocasiones creadas /90 | AE1: Ocasiones claras creadas | AF1: Pases precisos /90 | AG1: Precisión pase % | AH1: Balones largos precisos /90 | AI1: Balón largo % | AJ1: Regates exitosos /90 | AK1: Regate % | AL1: Penales provocados | AM1: Faltas recibidas /90 | AN1: Acciones defensivas /90 | AO1: Entradas /90 | AP1: Intercepciones /90 | AQ1: Despejes /90 | AR1: Bloqueos /90 | AS1: Recuperaciones /90 | AT1: Recup. último tercio /90 | AU1: Recup. medio campo /90 | AV1: Faltas cometidas /90 | AW1: Amarillas | AX1: Rojas | AY1: Penales cometidos | AZ1: Porterías a cero | BA1: Atajadas /90 | BB1: % Atajadas | BC1: Goles recibidos /90 | BD1: Enlace FotMob
A2: 912343 | B2: Jassem Koleilat | C2: Birmingham Legion FC | D2: Eastern | E2: En plantilla | F2: Portero | G2: GK | H2: GK | I2: 1 | J2: 27 | K2: 1999-07-30 | L2: Czechia | M2: 188 | P2: 24 | Q2: 2144 | R2: 6.94 | S2: 1 | AF2: 14.9 | AG2: 63.7 | AJ2: 0.1 | AK2: 100 | AN2: 1 | AO2: 0 | AQ2: 1 | AS2: 6.8 | AW2: 2 | AZ2: 5 | BA2: 3.8 | BB2: 70.9 | BC2: 1.6 | BD2: https://www.fotmob.com/players/912343/jassem-koleilat
A3: 1804493 | B3: Trevor McMullen | C3: Birmingham Legion FC | D3: Eastern | E3: En plantilla | F3: Portero | G3: GK | H3: GK | I3: 12 | J3: 24 | K3: 2002-01-23 | L3: USA | M3: 185 | P3: 2 | Q3: 106 | BD3: https://www.fotmob.com/players/1804493/trevor-mcmullen
A4: 1368657 | B4: Dawson McCartney | C4: Birmingham Legion FC | D4: Eastern | E4: En plantilla | F4: Defensa | G4: LB | H4: LB | I4: 11 | J4: 27 | K4: 1998-10-15 | L4: USA | M4: 183 | P4: 23 | Q4: 1480 | R4: 6.76 | S4: 0 | V4: 5 | Y4: 0.3 | AA4: 0 | AC4: 19 | AD4: 1.2 | AE4: 3 | AF4: 38.4 | AG4: 82.4 | AH4: 1.6 | AI4: 36.1 | AJ4: 0.4 | AK4: 46.2 | AN4: 5.2 | AO4: 1.6 | AP4: 0.7 | AQ4: 2.7 | AR4: 0.3 | AS4: 4 | AT4: 0.2 | AU4: 1.8 | AV4: 0.6 | AW4: 1 | AY4: 1 | BD4: https://www.fotmob.com/players/1368657/dawson-mccartney
A5: 621906 | B5: Phanuel Kavita | C5: Birmingham Legion FC | D5: Eastern | E5: En plantilla | F5: Defensa | G5: CB | H5: CB | I5: 3 | J5: 33 | K5: 1993-03-09 | L5: Rwanda | M5: 188 | P5: 15 | Q5: 1176 | R5: 6.43 | S5: 0 | T5: 1 | U5: 0 | X5: 0.08 | Y5: 0.4 | Z5: 0.1 | AA5: 20 | AC5: 2 | AD5: 0.2 | AF5: 32.5 | AG5: 87.1 | AH5: 1.2 | AI5: 26.7 | AN5: 7.3 | AO5: 0.4 | AP5: 0.4 | AQ5: 5.4 | AR5: 1.1 | AS5: 1.8 | AT5: 0.1 | AU5: 0.4 | AV5: 0.7 | AW5: 2 | AY5: 1 | BD5: https://www.fotmob.com/players/621906/phanuel-kavita
A6: 1262891 | B6: Bryce Washington | C6: Birmingham Legion FC | D6: Eastern | E6: En plantilla | F6: Defensa | G6: CB | H6: CB | I6: 27 | J6: 28 | K6: 1998-09-12 | L6: USA | M6: 188 | N6: 50000 | P6: 15 | Q6: 1156 | R6: 6.47 | S6: 0 | Y6: 0.3 | AA6: 0 | AF6: 31.2 | AG6: 90.9 | AH6: 1 | AI6: 56.5 | AJ6: 0.2 | AK6: 100 | AN6: 11.1 | AO6: 0.8 | AP6: 1.1 | AQ6: 7.6 | AR6: 1.7 | AS6: 2.3 | AV6: 0.2 | AW6: 1 | BD6: https://www.fotmob.com/players/1262891/bryce-washington
A7: 1252148 | B7: Nico Brown | C7: Birmingham Legion FC | D7: Eastern | E7: En plantilla | F7: Defensa | G7: LB | H7: LB,RB,RM | I7: 77 | J7: 28 | K7: 1998-08-11 | L7: Jamaica | M7: 180 | N7: 184308 | P7: 16 | Q7: 1046 | R7: 6.56 | S7: 0 | T7: 1 | U7: 0 | X7: 0.09 | Y7: 0.4 | Z7: 0.1 | AA7: 20 | AC7: 8 | AD7: 0.7 | AE7: 3 | AF7: 31.9 | AG7: 85.9 | AH7: 0.8 | AI7: 31 | AJ7: 0.5 | AK7: 66.7 | AN7: 6.9 | AO7: 1.2 | AP7: 0.7 | AQ7: 4.7 | AR7: 0.3 | AS7: 2.9 | AV7: 0.9 | AW7: 1 | AX7: 1 | BD7: https://www.fotmob.com/players/1252148/nico-brown
A8: 1439803 | B8: Hamady Diop | C8: Birmingham Legion FC | D8: Eastern | E8: En plantilla | F8: Defensa | G8: CB | H8: CB | I8: 32 | J8: 24 | K8: 2001-12-26 | L8: Senegal | M8: 183 | N8: 118522 | P8: 14 | Q8: 982 | R8: 6.9 | S8: 0 | Y8: 0.4 | AA8: 0 | AC8: 5 | AD8: 0.5 | AF8: 59.8 | AG8: 85.6 | AH8: 5.4 | AI8: 51.3 | AJ8: 0.3 | AK8: 42.9 | AN8: 8.3 | AO8: 1.3 | AP8: 1.2 | AQ8: 4.9 | AR8: 1 | AS8: 3.8 | AT8: 0.1 | AU8: 0.7 | AV8: 1.5 | AW8: 1 | BD8: https://www.fotmob.com/players/1439803/hamady-diop
A9: 1624479 | B9: Amir Daley | C9: Birmingham Legion FC | D9: Eastern | E9: En plantilla | F9: Defensa | G9: RB | H9: RB,RWB,RM,LB | I9: 26 | J9: 24 | K9: 2002-02-26 | L9: Antigua and Barbuda | M9: 175 | P9: 15 | Q9: 775 | R9: 6.58 | S9: 0 | Y9: 0.6 | AA9: 0 | AC9: 5 | AD9: 0.6 | AF9: 28.5 | AG9: 80.6 | AH9: 0.7 | AI9: 35.3 | AJ9: 0.8 | AK9: 36.8 | AN9: 6.3 | AO9: 2.1 | AP9: 1.2 | AQ9: 2.7 | AR9: 0.3 | AS9: 3.4 | AV9: 1.2 | AW9: 1 | AY9: 1 | BD9: https://www.fotmob.com/players/1624479/amir-daley
A10: 1059682 | B10: AJ Paterson | C10: Birmingham Legion FC | D10: Eastern | E10: En plantilla | F10: Defensa | G10: CB | H10: CB | I10: 20 | J10: 30 | K10: 1996-01-31 | L10: Grenada | M10: 188 | P10: 5 | Q10: 220 | BD10: https://www.fotmob.com/players/1059682/aj-paterson
A11: 1682447 | B11: Seth Antwi | C11: Birmingham Legion FC | D11: Eastern | E11: En plantilla | F11: Mediocampista | G11: CDM | H11: CDM | I11: 18 | J11: 26 | K11: 1999-11-09 | L11: Ghana | M11: 175 | P11: 25 | Q11: 2244 | R11: 6.87 | S11: 0 | Y11: 0.1 | AA11: 0 | AC11: 9 | AD11: 0.4 | AF11: 44.7 | AG11: 91.4 | AH11: 0.8 | AI11: 34.5 | AJ11: 0.2 | AK11: 80 | AN11: 6.1 | AO11: 1.7 | AP11: 1 | AQ11: 3 | AR11: 0.4 | AS11: 4.2 | AT11: 0.2 | AU11: 2.2 | AV11: 1.4 | AW11: 8 | BD11: https://www.fotmob.com/players/1682447/seth-antwi
A12: 847603 | B12: Samuel Shashoua | C12: Birmingham Legion FC | D12: Eastern | E12: En plantilla | F12: Mediocampista | G12: CDM | H12: CDM,CAM | I12: 10 | J12: 27 | K12: 1999-05-13 | L12: England | M12: 176 | P12: 19 | Q12: 1431 | R12: 7.12 | S12: 1 | T12: 2 | U12: 0 | V12: 1 | X12: 0.13 | Y12: 2.3 | Z12: 0.4 | AA12: 5.4 | AB12: 2 | AC12: 36 | AD12: 2.3 | AE12: 1 | AF12: 66.2 | AG12: 89.3 | AH12: 5 | AI12: 67.5 | AJ12: 1.4 | AK12: 50 | AN12: 1.5 | AO12: 1.1 | AP12: 0.3 | AQ12: 0.1 | AS12: 5.2 | AT12: 0.7 | AU12: 2.3 | AV12: 0.6 | AW12: 1 | BD12: https://www.fotmob.com/players/847603/samuel-shashoua
A13: 530617 | B13: Tyler Pasher | C13: Birmingham Legion FC | D13: Eastern | E13: En plantilla | F13: Mediocampista | G13: CAM | H13: CAM,RW | I13: 15 | J13: 32 | K13: 1994-04-27 | L13: Canada | M13: 180 | P13: 20 | Q13: 1406 | R13: 6.97 | S13: 2 | T13: 5 | U13: 2 | V13: 2 | X13: 0.32 | Y13: 1.9 | Z13: 0.4 | AA13: 16.7 | AB13: 2 | AC13: 28 | AD13: 1.8 | AE13: 2 | AF13: 38.5 | AG13: 86.9 | AH13: 1.2 | AI13: 51.4 | AJ13: 1.2 | AK13: 54.3 | AN13: 1.1 | AO13: 0.7 | AP13: 0.3 | AQ13: 0.1 | AS13: 3.1 | AT13: 0.6 | AU13: 1.2 | AV13: 0.8 | BD13: https://www.fotmob.com/players/530617/tyler-pasher
A14: 932131 | B14: Peter-Lee Vassell | C14: Birmingham Legion FC | D14: Eastern | E14: En plantilla | F14: Mediocampista | G14: CAM | H14: CAM,RW,CM | I14: 16 | J14: 28 | K14: 1998-02-03 | L14: Jamaica | M14: 180 | P14: 21 | Q14: 1201 | R14: 6.86 | S14: 1 | T14: 2 | U14: 0 | V14: 4 | X14: 0.15 | Y14: 3 | Z14: 1 | AA14: 5 | AB14: 3 | AC14: 12 | AD14: 0.9 | AE14: 3 | AF14: 26.1 | AG14: 81.9 | AH14: 1.2 | AI14: 72.7 | AJ14: 1.2 | AK14: 61.5 | AL14: 1 | AM14: 1.3 | AN14: 2.5 | AO14: 1.1 | AP14: 0.5 | AQ14: 0.7 | AR14: 0.1 | AS14: 3.3 | AT14: 0.4 | AU14: 1.3 | AV14: 0.7 | AW14: 2 | BD14: https://www.fotmob.com/players/932131/peter-lee-vassell
A15: 860928 | B15: Samuel McIllhatton | C15: Birmingham Legion FC | D15: Eastern | E15: En plantilla | F15: Mediocampista | G15: CDM | H15: CDM,CM | I15: 6 | J15: 28 | K15: 1998-06-29 | L15: Australia | M15: 170 | P15: 19 | Q15: 940 | R15: 6.83 | S15: 1 | T15: 1 | U15: 0 | X15: 0.1 | Y15: 1.2 | Z15: 0.5 | AA15: 7.7 | AC15: 10 | AD15: 1 | AF15: 48.1 | AG15: 85.4 | AH15: 3.5 | AI15: 58.7 | AJ15: 1 | AK15: 62.5 | AN15: 7.1 | AO15: 2.4 | AP15: 2.3 | AQ15: 2 | AR15: 0.4 | AS15: 5.1 | AT15: 0.1 | AU15: 2.8 | AV15: 0.8 | AW15: 3 | BD15: https://www.fotmob.com/players/860928/samuel-mcillhatton
A16: 1431704 | B16: Kadeem Cole | C16: Birmingham Legion FC | D16: Eastern | E16: En plantilla | F16: Mediocampista | G16: CDM | H16: CDM,CM,CB | I16: 8 | J16: 27 | K16: 1999-05-12 | L16: Nicaragua | M16: 178 | P16: 12 | Q16: 668 | AC16: 3 | AD16: 0.4 | AE16: 1 | AW16: 2 | BD16: https://www.fotmob.com/players/1431704/kadeem-cole
A17: 1190660 | B17: Serge Ngoma | C17: Birmingham Legion FC | D17: Eastern | E17: En plantilla | F17: Mediocampista | G17: RW | H17: RW | I17: 81 | J17: 21 | K17: 2005-07-09 | L17: USA | M17: 178 | N17: 670583 | P17: 21 | Q17: 504 | R17: 6.55 | S17: 0 | T17: 2 | U17: 0 | V17: 2 | X17: 0.36 | Y17: 2.3 | Z17: 1.1 | AA17: 15.4 | AB17: 1 | AC17: 10 | AD17: 1.8 | AE17: 4 | AF17: 21.4 | AG17: 77.4 | AH17: 0.4 | AI17: 33.3 | AJ17: 1.8 | AK17: 50 | AN17: 4.1 | AO17: 2 | AQ17: 2 | AR17: 0.2 | AS17: 3.4 | AT17: 0.4 | AU17: 1.1 | AV17: 2.3 | AW17: 3 | BD17: https://www.fotmob.com/players/1190660/serge-ngoma
A18: 1637902 | B18: Gevork Diarbian | C18: Birmingham Legion FC | D18: Eastern | E18: En plantilla | F18: Delantero | G18: LW | H18: LW | I18: 19 | J18: 24 | K18: 2001-12-12 | L18: USA | M18: 170 | P18: 25 | Q18: 2005 | R18: 6.9 | S18: 2 | T18: 2 | U18: 0 | V18: 4 | X18: 0.09 | Y18: 2.1 | Z18: 0.8 | AA18: 4.3 | AB18: 6 | AC18: 34 | AD18: 1.5 | AE18: 8 | AF18: 20.2 | AG18: 83.8 | AH18: 0.4 | AI18: 57.1 | AJ18: 1.4 | AK18: 39 | AL18: 1 | AM18: 2.9 | AN18: 1.4 | AO18: 0.6 | AP18: 0.2 | AQ18: 0.5 | AR18: 0.1 | AS18: 3.1 | AT18: 0.5 | AU18: 1.3 | AV18: 1.3 | AW18: 5 | BD18: https://www.fotmob.com/players/1637902/gevork-diarbian
A19: 1662187 | B19: Sebastian Tregarthen | C19: Birmingham Legion FC | D19: Eastern | E19: En plantilla | F19: Delantero | G19: RW | H19: RW,RB | I19: 21 | J19: 26 | K19: 2000-07-05 | L19: Uruguay | M19: 170 | P19: 23 | Q19: 1754 | R19: 7.02 | S19: 2 | T19: 4 | U19: 0 | V19: 1 | X19: 0.21 | Y19: 1.7 | Z19: 0.6 | AA19: 11.8 | AB19: 2 | AC19: 16 | AD19: 0.8 | AE19: 3 | AF19: 21 | AG19: 71.8 | AH19: 0.8 | AI19: 22.9 | AJ19: 1.6 | AK19: 45.7 | AN19: 6.3 | AO19: 2 | AP19: 1.6 | AQ19: 2.3 | AR19: 0.4 | AS19: 3.7 | AT19: 0.1 | AU19: 1.6 | AV19: 1.3 | AW19: 3 | BD19: https://www.fotmob.com/players/1662187/sebastian-tregarthen
A20: 790332 | B20: Ronaldo Damus | C20: Birmingham Legion FC | D20: Eastern | E20: En plantilla | F20: Delantero | G20: ST | H20: ST | I20: 9 | J20: 27 | K20: 1999-09-12 | L20: Haiti | M20: 178 | P20: 22 | Q20: 1163 | R20: 6.56 | S20: 0 | T20: 6 | U20: 0 | X20: 0.46 | Y20: 3 | Z20: 1.2 | AA20: 15.4 | AB20: 11 | AC20: 13 | AD20: 1 | AE20: 2 | AF20: 7.2 | AG20: 78.2 | AH20: 0.2 | AI20: 60 | AJ20: 0.5 | AK20: 50 | AN20: 2.1 | AO20: 0.7 | AP20: 0.3 | AQ20: 1.1 | AS20: 1.6 | AT20: 0.3 | AU20: 0.9 | AV20: 1.5 | AW20: 3 | BD20: https://www.fotmob.com/players/790332/ronaldo-damus
A21: 621524 | B21: Romario Williams | C21: Birmingham Legion FC | D21: Eastern | E21: En plantilla | F21: Delantero | G21: ST | H21: ST | I21: 17 | J21: 32 | K21: 1994-08-15 | L21: Jamaica | M21: 185 | N21: 103832 | P21: 21 | Q21: 1068 | R21: 6.92 | S21: 0 | T21: 7 | U21: 0 | V21: 2 | X21: 0.59 | Y21: 2.3 | Z21: 0.8 | AA21: 25.9 | AB21: 2 | AC21: 16 | AD21: 1.3 | AE21: 3 | AF21: 12.7 | AG21: 75.5 | AH21: 0.4 | AI21: 62.5 | AJ21: 0.6 | AK21: 70 | AL21: 2 | AM21: 1.7 | AN21: 2.9 | AO21: 1.1 | AP21: 0.1 | AQ21: 1.7 | AS21: 1.9 | AT21: 0.3 | AU21: 1.2 | AV21: 2 | AW21: 6 | BD21: https://www.fotmob.com/players/621524/romario-williams
A22: 622027 | B22: Sebastián Saucedo | C22: Birmingham Legion FC | D22: Eastern | E22: En plantilla | F22: Delantero | G22: LW | H22: LW | I22: 7 | J22: 29 | K22: 1997-01-22 | L22: USA | M22: 170 | P22: 14 | Q22: 197 | T22: 2 | U22: 1 | V22: 1 | X22: 0.91 | Y22: 5 | Z22: 1.8 | AA22: 18.2 | AC22: 10 | AD22: 4.6 | AF22: 48.9 | AG22: 82.9 | AH22: 5.9 | AI22: 72.2 | AJ22: 0.9 | AK22: 22.2 | AL22: 1 | AM22: 5 | AN22: 1.4 | AO22: 0.5 | AP22: 0.5 | AQ22: 0.5 | AS22: 9.1 | AT22: 0.9 | AU22: 4.1 | AV22: 1.8 | AW22: 3 | BD22: https://www.fotmob.com/players/622027/sebastian-saucedo
A23: 1780513 | B23: Jonathan Hernandez | C23: Birmingham Legion FC | D23: Eastern | E23: En plantilla | F23: Delantero | I23: 30 | J23: 18 | K23: 2008-06-07 | L23: USA | M23: 180 | BD23: https://www.fotmob.com/players/1780513/jonathan-hernandez
A24: 1781517 | B24: Jaylen Lester | C24: Birmingham Legion FC | D24: Eastern | E24: En plantilla | F24: Delantero | I24: 34 | J24: 18 | K24: 2008-04-30 | L24: Jamaica | M24: 178 | BD24: https://www.fotmob.com/players/1781517/jaylen-lester
A25: 1171002 | B25: Lukas Burns | C25: Brooklyn | D25: Eastern | E25: En plantilla | F25: Portero | G25: GK | H25: GK | I25: 30 | J25: 24 | K25: 2002-05-14 | L25: USA | M25: 196 | P25: 12 | Q25: 1035 | AZ25: 1 | BD25: https://www.fotmob.com/players/1171002/lukas-burns
A26: 928437 | B26: Jackson Lee | C26: Brooklyn | D26: Eastern | E26: En plantilla | F26: Portero | G26: GK | H26: GK | I26: 1 | J26: 25 | K26: 2001-09-10 | L26: Australia | M26: 191 | N26: 65115 | P26: 11 | Q26: 930 | AW26: 2 | AZ26: 1 | BD26: https://www.fotmob.com/players/928437/jackson-lee
A27: 936220 | B27: Thomas Vancaeyezeele | C27: Brooklyn | D27: Eastern | E27: En plantilla | F27: Defensa | G27: CB | H27: CB,RB,CDM | I27: 92 | J27: 32 | K27: 1994-07-27 | L27: French Guiana | M27: 180 | N27: 50000 | P27: 23 | Q27: 1930 | R27: 6.61 | S27: 0 | V27: 2 | Y27: 0.6 | Z27: 0.1 | AA27: 0 | AB27: 1 | AC27: 14 | AD27: 0.7 | AE27: 1 | AF27: 35.5 | AG27: 76.9 | AH27: 2.5 | AI27: 36.2 | AJ27: 0.2 | AK27: 23.5 | AN27: 7.6 | AO27: 2.1 | AP27: 1.4 | AQ27: 3.5 | AR27: 0.7 | AS27: 4.1 | AT27: 0.3 | AU27: 1.6 | AV27: 0.9 | AW27: 2 | BD27: https://www.fotmob.com/players/936220/thomas-vancaeyezeele
A28: 1447526 | B28: Gabriel Alves | C28: Brooklyn | D28: Eastern | E28: En plantilla | F28: Defensa | G28: LB | H28: LB,CB | I28: 3 | J28: 27 | K28: 1999-02-10 | L28: Brazil | M28: 185 | N28: 126237 | P28: 23 | Q28: 1838 | R28: 6.41 | S28: 0 | Y28: 0.4 | Z28: 0.1 | AA28: 0 | AC28: 9 | AD28: 0.4 | AE28: 1 | AF28: 31.1 | AG28: 77.2 | AH28: 2.4 | AI28: 39.5 | AJ28: 0.2 | AK28: 66.7 | AN28: 7.5 | AO28: 1.5 | AP28: 1.2 | AQ28: 4.4 | AR28: 0.5 | AS28: 3.5 | AT28: 0.1 | AU28: 1.1 | AV28: 1.6 | AW28: 5 | AX28: 2 | AY28: 1 | BD28: https://www.fotmob.com/players/1447526/gabriel-alves
A29: 1248123 | B29: Vuk Latinovich | C29: Brooklyn | D29: Eastern | E29: En plantilla | F29: Defensa | G29: CB | H29: CB | I29: 6 | J29: 29 | K29: 1997-09-14 | L29: Serbia | M29: 186 | N29: 50000 | P29: 21 | Q29: 1673 | R29: 6.67 | S29: 0 | Y29: 0.5 | Z29: 0.2 | AA29: 0 | AC29: 9 | AD29: 0.5 | AE29: 2 | AF29: 41.7 | AG29: 80.2 | AH29: 3.9 | AI29: 44.5 | AJ29: 0.1 | AK29: 100 | AN29: 11.4 | AO29: 1.3 | AP29: 1.7 | AQ29: 7.7 | AR29: 0.6 | AS29: 3.2 | AV29: 1.2 | AW29: 6 | BD29: https://www.fotmob.com/players/1248123/vuk-latinovich
A30: 1935110 | B30: Callum Frogson | C30: Brooklyn | D30: Eastern | E30: En plantilla | F30: Defensa | G30: CB | H30: CB,RB,LB | I30: 24 | J30: 22 | K30: 2003-10-11 | L30: England | M30: 188 | N30: 119504 | P30: 18 | Q30: 1260 | R30: 6.69 | S30: 0 | Y30: 0.4 | Z30: 0.2 | AA30: 0 | AB30: 1 | AC30: 3 | AD30: 0.2 | AF30: 29.8 | AG30: 81.4 | AH30: 1.1 | AI30: 32 | AN30: 10.6 | AO30: 2.1 | AP30: 2.1 | AQ30: 5.6 | AR30: 0.7 | AS30: 3.5 | AT30: 0.1 | AU30: 1.6 | AV30: 1.6 | AW30: 4 | AY30: 1 | BD30: https://www.fotmob.com/players/1935110/callum-frogson
A31: 388894 | B31: Ryan McLaughlin | C31: Brooklyn | D31: Eastern | E31: En plantilla | F31: Defensa | G31: RB | H31: RB,RM | I31: 23 | J31: 32 | K31: 1994-09-30 | L31: Northern Ireland | M31: 175 | N31: 50000 | P31: 18 | Q31: 1118 | R31: 6.72 | S31: 0 | Y31: 0.2 | AA31: 0 | AC31: 5 | AD31: 0.4 | AF31: 28.5 | AG31: 77 | AH31: 2.5 | AI31: 43.7 | AJ31: 0.5 | AK31: 50 | AN31: 7.5 | AO31: 2.4 | AP31: 1.1 | AQ31: 3.5 | AR31: 0.4 | AS31: 4.1 | AT31: 0.2 | AU31: 2 | AV31: 1 | AW31: 1 | BD31: https://www.fotmob.com/players/388894/ryan-mclaughlin
A32: 1024286 | B32: Rocco Romeo | C32: Brooklyn | D32: Eastern | E32: En plantilla | F32: Defensa | G32: CB | H32: CB | I32: 4 | J32: 26 | K32: 2000-03-25 | L32: Canada | M32: 196 | N32: 55715 | P32: 14 | Q32: 783 | R32: 6.34 | S32: 0 | Y32: 0.2 | AA32: 0 | AB32: 1 | AC32: 3 | AD32: 0.3 | AF32: 37.8 | AG32: 78.5 | AH32: 4.7 | AI32: 46.1 | AN32: 9.5 | AO32: 1.1 | AP32: 1 | AQ32: 6.6 | AR32: 0.8 | AS32: 2.9 | AV32: 1 | AW32: 2 | BD32: https://www.fotmob.com/players/1024286/rocco-romeo
A33: 1138224 | B33: So Nishikawa | C33: Brooklyn | D33: Eastern | E33: En plantilla | F33: Defensa | G33: LB | H33: LB | I33: 13 | J33: 25 | K33: 2001-06-18 | L33: Japan | M33: 178 | N33: 50000 | P33: 13 | Q33: 411 | V33: 1 | Y33: 1.1 | Z33: 0.2 | AA33: 0 | AC33: 6 | AD33: 1.3 | AE33: 2 | AF33: 35.7 | AG33: 74.8 | AH33: 2.6 | AI33: 33.3 | AJ33: 2.2 | AK33: 71.4 | AN33: 8.3 | AO33: 0.9 | AP33: 1.5 | AQ33: 5.7 | AR33: 0.2 | AS33: 6.1 | AT33: 0.2 | AU33: 3.3 | AV33: 0.9 | AW33: 2 | BD33: https://www.fotmob.com/players/1138224/so-nishikawa
A34: 1724754 | B34: Taimu Okiyoshi | C34: Brooklyn | D34: Eastern | E34: En plantilla | F34: Mediocampista | G34: CDM | H34: CDM,CM | I34: 86 | J34: 25 | K34: 2001-09-05 | L34: Japan | M34: 175 | N34: 99198 | P34: 21 | Q34: 1624 | R34: 6.6 | S34: 0 | Y34: 0.3 | Z34: 0.2 | AA34: 0 | AC34: 7 | AD34: 0.4 | AF34: 30.1 | AG34: 77.6 | AH34: 1.9 | AI34: 37 | AJ34: 0.4 | AK34: 57.1 | AN34: 4.5 | AO34: 1.6 | AP34: 1 | AQ34: 1.7 | AR34: 0.2 | AS34: 4.9 | AT34: 0.6 | AU34: 2.4 | AV34: 0.9 | AW34: 2 | BD34: https://www.fotmob.com/players/1724754/taimu-okiyoshi
A35: 526485 | B35: Tommy McNamara | C35: Brooklyn | D35: Eastern | E35: En plantilla | F35: Mediocampista | G35: CDM | H35: CDM,CAM,CM | I35: 7 | J35: 35 | K35: 1991-02-06 | L35: USA | M35: 185 | N35: 50000 | P35: 23 | Q35: 1391 | R35: 6.56 | S35: 1 | T35: 2 | U35: 2 | V35: 1 | X35: 0.13 | Y35: 0.8 | Z35: 0.3 | AA35: 15.4 | AC35: 16 | AD35: 1 | AE35: 2 | AF35: 40.8 | AG35: 85.9 | AH35: 2.3 | AI35: 55.4 | AJ35: 0.3 | AK35: 50 | AL35: 1 | AM35: 1.6 | AN35: 3.8 | AO35: 1.5 | AP35: 0.8 | AQ35: 1.3 | AR35: 0.2 | AS35: 3.2 | AT35: 0.3 | AU35: 1.8 | AV35: 0.9 | AW35: 4 | AX35: 1 | BD35: https://www.fotmob.com/players/526485/tommy-mcnamara
A36: 1440048 | B36: Malik Pinto | C36: Brooklyn | D36: Eastern | E36: En plantilla | F36: Mediocampista | G36: CDM | H36: CDM,RB,CM | I36: 5 | J36: 24 | K36: 2002-08-09 | L36: USA | M36: 180 | N36: 68062 | P36: 19 | Q36: 1098 | R36: 6.14 | S36: 0 | Y36: 0.6 | Z36: 0.2 | AA36: 0 | AC36: 5 | AD36: 0.4 | AF36: 27.5 | AG36: 78 | AH36: 1.5 | AI36: 40 | AJ36: 0.1 | AK36: 16.7 | AN36: 5.9 | AO36: 2.3 | AP36: 1.1 | AQ36: 2 | AR36: 0.5 | AS36: 3.2 | AT36: 0.2 | AU36: 1.6 | AV36: 1.5 | AW36: 2 | AY36: 1 | BD36: https://www.fotmob.com/players/1440048/malik-pinto
A37: 1170973 | B37: Jaden Servania | C37: Brooklyn | D37: Eastern | E37: En plantilla | F37: Mediocampista | G37: CAM | H37: CAM,RW,LW | I37: 11 | J37: 25 | K37: 2001-07-16 | L37: Puerto Rico | M37: 183 | N37: 78213 | P37: 20 | Q37: 955 | R37: 6.43 | S37: 0 | T37: 1 | U37: 0 | X37: 0.09 | Y37: 0.9 | Z37: 0.3 | AA37: 10 | AC37: 12 | AD37: 1.1 | AF37: 17.4 | AG37: 72.8 | AH37: 1.1 | AI37: 40 | AJ37: 1.5 | AK37: 51.6 | AN37: 2 | AO37: 0.7 | AP37: 0.4 | AQ37: 0.8 | AR37: 0.1 | AS37: 3 | AT37: 0.4 | AU37: 1.7 | AV37: 2.1 | AW37: 4 | BD37: https://www.fotmob.com/players/1170973/jaden-servania
A38: 1639626 | B38: Peter Mangione | C38: Brooklyn | D38: Eastern | E38: En plantilla | F38: Mediocampista | G38: CAM | H38: CAM,CDM,RB,ST | I38: 27 | J38: 25 | K38: 2001-08-25 | L38: USA | M38: 180 | N38: 75435 | P38: 21 | Q38: 756 | R38: 6.43 | S38: 1 | T38: 3 | U38: 0 | X38: 0.36 | Y38: 2.3 | Z38: 1.1 | AA38: 15.8 | AB38: 2 | AC38: 6 | AD38: 0.7 | AF38: 19 | AG38: 75.8 | AH38: 1.2 | AI38: 62.5 | AJ38: 0.6 | AK38: 33.3 | AL38: 1 | AM38: 1.2 | AN38: 2.1 | AO38: 0.8 | AP38: 0.2 | AQ38: 1 | AR38: 0.1 | AS38: 2.5 | AT38: 0.2 | AU38: 1.5 | AV38: 1.9 | BD38: https://www.fotmob.com/players/1639626/peter-mangione
A39: 1460074 | B39: John Klein | C39: Brooklyn | D39: Eastern | E39: En plantilla | F39: Mediocampista | G39: LM | H39: LM,CDM | I39: 8 | J39: 26 | K39: 1999-11-07 | L39: USA | M39: 170 | N39: 76984 | P39: 9 | Q39: 260 | AC39: 2 | AD39: 0.7 | AE39: 1 | AW39: 1 | BD39: https://www.fotmob.com/players/1460074/john-klein
A40: 924483 | B40: Anthony Fontana | C40: Brooklyn | D40: Eastern | E40: En plantilla | F40: Mediocampista | G40: CAM | H40: CAM | I40: 21 | J40: 26 | K40: 1999-10-14 | L40: USA | M40: 175 | N40: 128046 | P40: 4 | Q40: 247 | BD40: https://www.fotmob.com/players/924483/anthony-fontana
A41: 1455583 | B41: CJ Olney Jr | C41: Brooklyn | D41: Eastern | E41: En plantilla | F41: Delantero | G41: LW | H41: LW,CM,LM,CAM,RW | I41: 56 | J41: 19 | K41: 2006-12-16 | L41: USA | M41: 175 | N41: 633495 | P41: 25 | Q41: 2076 | R41: 7.09 | S41: 3 | T41: 3 | U41: 0 | V41: 7 | X41: 0.13 | Y41: 1.6 | Z41: 0.9 | AA41: 8.1 | AB41: 5 | AC41: 42 | AD41: 1.8 | AE41: 9 | AF41: 20 | AG41: 72.1 | AH41: 1.5 | AI41: 49.3 | AJ41: 0.6 | AK41: 48.1 | AN41: 1.8 | AO41: 0.9 | AP41: 0.3 | AQ41: 0.6 | AR41: 0.1 | AS41: 3.3 | AT41: 0.4 | AU41: 2.2 | AV41: 0.4 | BD41: https://www.fotmob.com/players/1455583/cj-olney-jr
A42: 1098593 | B42: Juan Obregón | C42: Brooklyn | D42: Eastern | E42: En plantilla | F42: Delantero | G42: ST | H42: ST | I42: 29 | J42: 28 | K42: 1997-10-29 | L42: Honduras | M42: 175 | P42: 24 | Q42: 1267 | R42: 6.59 | S42: 0 | T42: 3 | U42: 1 | V42: 2 | X42: 0.21 | Y42: 4 | Z42: 1.8 | AA42: 5.3 | AB42: 6 | AC42: 16 | AD42: 1.1 | AE42: 4 | AF42: 16.6 | AG42: 74 | AH42: 0.4 | AI42: 31.3 | AJ42: 0.9 | AK42: 52.2 | AN42: 1.2 | AO42: 0.4 | AP42: 0.3 | AQ42: 0.4 | AR42: 0.1 | AS42: 2.3 | AT42: 0.5 | AU42: 1.5 | AV42: 1.6 | AW42: 1 | BD42: https://www.fotmob.com/players/1098593/juan-obregon
A43: 1346904 | B43: Stefan Stojanovic | C43: Brooklyn | D43: Eastern | E43: En plantilla | F43: Delantero | G43: RW | H43: RW,ST,LW | I43: 19 | J43: 25 | K43: 2001-03-03 | L43: USA | M43: 185 | N43: 83192 | P43: 23 | Q43: 1163 | R43: 6.5 | S43: 0 | T43: 4 | U43: 0 | X43: 0.31 | Y43: 1.3 | Z43: 0.8 | AA43: 23.5 | AB43: 4 | AC43: 23 | AD43: 1.8 | AE43: 3 | AF43: 18.3 | AG43: 67.7 | AH43: 0.5 | AI43: 25.9 | AJ43: 0.2 | AK43: 28.6 | AN43: 2.7 | AO43: 1.4 | AP43: 0.6 | AQ43: 0.6 | AR43: 0.1 | AS43: 2.9 | AT43: 0.4 | AU43: 1.5 | AV43: 1.2 | AW43: 2 | AX43: 1 | BD43: https://www.fotmob.com/players/1346904/stefan-stojanovic
A44: 1469822 | B44: Abdoulaye Kanté | C44: Brooklyn | D44: Eastern | E44: En plantilla | F44: Delantero | G44: RW | H44: RW,LW,ST | I44: 95 | J44: 26 | K44: 2000-03-04 | L44: France | M44: 183 | N44: 274808 | P44: 18 | Q44: 653 | R44: 6.38 | S44: 0 | T44: 2 | U44: 0 | X44: 0.28 | Y44: 2.3 | Z44: 0.7 | AA44: 11.8 | AC44: 10 | AD44: 1.4 | AF44: 17 | AG44: 69.5 | AH44: 1 | AI44: 41.2 | AJ44: 1.5 | AK44: 40.7 | AL44: 1 | AM44: 1.7 | AN44: 2.6 | AO44: 1.2 | AP44: 0.7 | AQ44: 0.7 | AS44: 3.4 | AT44: 0.6 | AU44: 2.6 | AV44: 3.6 | AW44: 1 | BD44: https://www.fotmob.com/players/1469822/abdoulaye-kante
A45: 754584 | B45: Pierre da Silva | C45: Brooklyn | D45: Eastern | E45: En plantilla | F45: Delantero | G45: RW | H45: RW | I45: 98 | J45: 28 | K45: 1998-07-28 | L45: USA | M45: 183 | N45: 109708 | P45: 11 | Q45: 359 | AB45: 1 | AC45: 6 | AD45: 1.5 | AW45: 1 | BD45: https://www.fotmob.com/players/754584/pierre-da-silva
A46: 1076859 | B46: Luis Zamudio | C46: Charleston Battery | D46: Eastern | E46: En plantilla | F46: Portero | G46: GK | H46: GK | I46: 56 | J46: 28 | K46: 1998-06-24 | L46: USA | M46: 193 | N46: 50000 | P46: 21 | Q46: 1890 | R46: 6.69 | S46: 1 | AC46: 1 | AD46: 0 | AF46: 23.4 | AG46: 82.1 | AJ46: 0 | AK46: 100 | AN46: 0.9 | AQ46: 0.9 | AS46: 7.4 | AV46: 0 | AW46: 2 | AY46: 1 | AZ46: 6 | BA46: 2.6 | BB46: 67.1 | BC46: 1.3 | BD46: https://www.fotmob.com/players/1076859/luis-zamudio
A47: 525646 | B47: John Berner | C47: Charleston Battery | D47: Eastern | E47: En plantilla | F47: Portero | G47: GK | H47: GK | I47: 1 | J47: 35 | K47: 1991-02-14 | L47: USA | M47: 191 | N47: 50000 | P47: 4 | Q47: 360 | AZ47: 2 | BD47: https://www.fotmob.com/players/525646/john-berner
A48: 1368138 | B48: Daniel Kuzemka | C48: Charleston Battery | D48: Eastern | E48: En plantilla | F48: Portero | G48: GK | H48: GK | I48: 24 | J48: 28 | K48: 1998-09-23 | L48: USA | M48: 188 | N48: 50000 | P48: 1 | Q48: 90 | AZ48: 1 | BD48: https://www.fotmob.com/players/1368138/daniel-kuzemka
A49: 2221954 | B49: Cohen Rigsby | C49: Charleston Battery | D49: Eastern | E49: En plantilla | F49: Portero | I49: 98 | J49: 18 | K49: 2008-05-28 | L49: USA | M49: 196 | BD49: https://www.fotmob.com/players/2221954/cohen-rigsby
A50: 1440047 | B50: Joey Akpunonu | C50: Charleston Battery | D50: Eastern | E50: En plantilla | F50: Defensa | G50: CB | H50: CB | I50: 22 | J50: 24 | K50: 2001-12-21 | L50: USA | M50: 191 | N50: 99503 | P50: 26 | Q50: 2234 | R50: 7.07 | S50: 0 | V50: 2 | Y50: 0.5 | Z50: 0.2 | AA50: 0 | AB50: 2 | AC50: 10 | AD50: 0.4 | AE50: 3 | AF50: 65.1 | AG50: 88.7 | AH50: 8.1 | AI50: 60 | AJ50: 0.2 | AK50: 80 | AN50: 7.7 | AO50: 0.8 | AP50: 0.6 | AQ50: 5.4 | AR50: 0.9 | AS50: 3.9 | AV50: 0.4 | AW50: 2 | BD50: https://www.fotmob.com/players/1440047/joey-akpunonu
A51: 924435 | B51: Graham Smith | C51: Charleston Battery | D51: Eastern | E51: En plantilla | F51: Defensa | G51: CB | H51: CB | I51: 16 | J51: 30 | K51: 1995-11-25 | L51: USA | M51: 188 | N51: 82944 | P51: 25 | Q51: 2183 | R51: 6.83 | S51: 0 | T51: 1 | U51: 0 | X51: 0.04 | Y51: 0.4 | Z51: 0.2 | AA51: 11.1 | AB51: 1 | AC51: 5 | AD51: 0.2 | AE51: 1 | AF51: 57.2 | AG51: 89.1 | AH51: 4.3 | AI51: 51.2 | AL51: 1 | AM51: 0.9 | AN51: 7.7 | AO51: 0.9 | AP51: 0.9 | AQ51: 5.2 | AR51: 0.7 | AS51: 2.3 | AT51: 0 | AU51: 0.9 | AV51: 1.1 | AW51: 5 | AX51: 1 | BD51: https://www.fotmob.com/players/924435/graham-smith
A52: 1623839 | B52: Nathan Messer | C52: Charleston Battery | D52: Eastern | E52: En plantilla | F52: Defensa | G52: LB | H52: LB,LWB | I52: 3 | J52: 25 | K52: 2001-07-06 | L52: France | M52: 183 | N52: 112442 | P52: 25 | Q52: 1878 | R52: 6.99 | S52: 1 | V52: 7 | Y52: 0.4 | Z52: 0.1 | AA52: 0 | AC52: 44 | AD52: 2.1 | AE52: 11 | AF52: 33 | AG52: 83.4 | AH52: 2.1 | AI52: 44.8 | AJ52: 0.7 | AK52: 46.9 | AN52: 4.3 | AO52: 1.3 | AP52: 0.8 | AQ52: 2.1 | AR52: 0.1 | AS52: 3.4 | AT52: 0.3 | AU52: 1.3 | AV52: 0.9 | AW52: 2 | AX52: 1 | BD52: https://www.fotmob.com/players/1623839/nathan-messer
A53: 1615774 | B53: Sean Suber | C53: Charleston Battery | D53: Eastern | E53: En plantilla | F53: Defensa | G53: CB | H53: CB,CDM,RB | I53: 5 | J53: 25 | K53: 2001-06-13 | L53: USA | M53: 185 | N53: 156477 | P53: 24 | Q53: 1572 | R53: 6.67 | S53: 1 | T53: 1 | U53: 0 | X53: 0.06 | Y53: 0.3 | Z53: 0.2 | AA53: 16.7 | AC53: 11 | AD53: 0.6 | AE53: 1 | AF53: 46.3 | AG53: 83.9 | AH53: 4.4 | AI53: 52 | AJ53: 0.2 | AK53: 50 | AN53: 4.8 | AO53: 1 | AP53: 0.9 | AQ53: 2.6 | AR53: 0.3 | AS53: 3.8 | AT53: 0.1 | AU53: 2.2 | AV53: 0.5 | BD53: https://www.fotmob.com/players/1615774/sean-suber
A54: 844926 | B54: Douglas Martínez | C54: Charleston Battery | D54: Eastern | E54: En plantilla | F54: Defensa | G54: RB | H54: RB,RWB | I54: 42 | J54: 29 | K54: 1997-06-05 | L54: Honduras | M54: 183 | N54: 50000 | P54: 23 | Q54: 1278 | R54: 6.8 | S54: 0 | T54: 2 | U54: 0 | V54: 2 | X54: 0.14 | Y54: 0.4 | Z54: 0.3 | AA54: 40 | AB54: 1 | AC54: 15 | AD54: 1.1 | AE54: 3 | AF54: 32.7 | AG54: 77.4 | AH54: 2.9 | AI54: 47.1 | AJ54: 0.6 | AK54: 50 | AN54: 6.3 | AO54: 1.7 | AP54: 1.7 | AQ54: 2.7 | AR54: 0.3 | AS54: 3.3 | AT54: 0.1 | AU54: 1.1 | AV54: 1.8 | AW54: 6 | AX54: 1 | AY54: 1 | BD54: https://www.fotmob.com/players/844926/douglas-martinez
A55: 1448116 | B55: Langston Blackstock | C55: Charleston Battery | D55: Eastern | E55: En plantilla | F55: Defensa | G55: LB | H55: LB,RB,RW,LW | I55: 7 | J55: 26 | K55: 2000-03-23 | L55: USA | M55: 185 | N55: 77196 | P55: 18 | Q55: 700 | R55: 6.64 | S55: 0 | T55: 2 | U55: 0 | X55: 0.26 | Y55: 1.8 | Z55: 1 | AA55: 14.3 | AC55: 5 | AD55: 0.6 | AF55: 26.6 | AG55: 84.8 | AH55: 1.8 | AI55: 51.9 | AJ55: 1 | AK55: 66.7 | AN55: 3.6 | AO55: 2.4 | AP55: 0.5 | AQ55: 0.6 | AS55: 3.2 | AT55: 0.3 | AU55: 1.3 | AV55: 1.2 | AW55: 1 | BD55: https://www.fotmob.com/players/1448116/langston-blackstock
A56: 1781459 | B56: Kruz Held | C56: Charleston Battery | D56: Eastern | E56: En plantilla | F56: Defensa | I56: 2 | J56: 18 | K56: 2008-06-21 | L56: USA | M56: 180 | P56: 1 | Q56: 1 | BD56: https://www.fotmob.com/players/1781459/kruz-held
A57: 1172904 | B57: Emilio Ycaza | C57: Charleston Battery | D57: Eastern | E57: En plantilla | F57: Mediocampista | G57: CDM | H57: CDM,CM,CAM,RW | I57: 8 | J57: 29 | K57: 1997-07-10 | L57: USA | M57: 170 | N57: 50000 | P57: 26 | Q57: 2199 | R57: 7.21 | S57: 4 | T57: 8 | U57: 4 | V57: 4 | X57: 0.33 | Y57: 1.3 | Z57: 0.5 | AA57: 25.8 | AB57: 2 | AC57: 21 | AD57: 0.9 | AE57: 5 | AF57: 43.4 | AG57: 86.3 | AH57: 2.4 | AI57: 57.3 | AJ57: 0.2 | AK57: 33.3 | AL57: 1 | AM57: 2.6 | AN57: 4 | AO57: 1.2 | AP57: 1.4 | AQ57: 1.4 | AR57: 0.1 | AS57: 5.2 | AT57: 0.5 | AU57: 3.5 | AV57: 2.2 | AW57: 6 | BD57: https://www.fotmob.com/players/1172904/emilio-ycaza
A58: 1902106 | B58: Kirill Pakhomov | C58: Charleston Battery | D58: Eastern | E58: En plantilla | F58: Mediocampista | G58: CDM | H58: CDM,CM | I58: 88 | J58: 25 | K58: 2001-03-12 | L58: Russia | M58: 190 | N58: 113384 | P58: 25 | Q58: 1469 | R58: 6.71 | S58: 1 | T58: 3 | U58: 0 | X58: 0.18 | Y58: 0.8 | Z58: 0.3 | AA58: 23.1 | AB58: 1 | AC58: 10 | AD58: 0.6 | AE58: 1 | AF58: 48.9 | AG58: 87.3 | AH58: 3.4 | AI58: 57.9 | AJ58: 0.5 | AK58: 61.5 | AN58: 3.7 | AO58: 1.7 | AP58: 0.8 | AQ58: 1.2 | AR58: 0.1 | AS58: 4.4 | AT58: 0.4 | AU58: 2.6 | AV58: 1.6 | AW58: 6 | BD58: https://www.fotmob.com/players/1902106/kirill-pakhomov
A59: 938954 | B59: Laurent Kissiedou | C59: Charleston Battery | D59: Eastern | E59: En plantilla | F59: Mediocampista | G59: CAM | H59: CAM,CDM,CM,RM | I59: 10 | J59: 27 | K59: 1998-12-22 | L59: Côte d'Ivoire | M59: 173 | N59: 120329 | P59: 20 | Q59: 924 | R59: 6.61 | S59: 0 | T59: 2 | U59: 0 | V59: 1 | X59: 0.19 | Y59: 1.9 | Z59: 0.3 | AA59: 10.5 | AB59: 2 | AC59: 8 | AD59: 0.8 | AE59: 1 | AF59: 41.8 | AG59: 85.3 | AH59: 1.6 | AI59: 48.5 | AJ59: 1.2 | AK59: 57.1 | AN59: 2.1 | AO59: 1.1 | AP59: 0.7 | AQ59: 0.3 | AR59: 0.1 | AS59: 4.3 | AT59: 0.6 | AU59: 1.8 | AV59: 1.7 | AW59: 2 | AX59: 1 | BD59: https://www.fotmob.com/players/938954/laurent-kissiedou
A60: 1252861 | B60: Nanan Houssou | C60: Charleston Battery | D60: Eastern | E60: En plantilla | F60: Mediocampista | G60: CDM | H60: CDM,RB,CM,LWB,LB | I60: 91 | J60: 25 | K60: 2000-12-28 | L60: Côte d'Ivoire | M60: 180 | N60: 81001 | P60: 15 | Q60: 715 | R60: 6.78 | S60: 0 | V60: 1 | Y60: 1 | Z60: 0.3 | AA60: 0 | AC60: 6 | AD60: 0.8 | AE60: 2 | AF60: 44.8 | AG60: 86.2 | AH60: 2.6 | AI60: 51.2 | AJ60: 0.6 | AK60: 33.3 | AN60: 5.4 | AO60: 1.9 | AP60: 1.9 | AQ60: 1.5 | AR60: 0.1 | AS60: 7.8 | AT60: 0.8 | AU60: 3 | AV60: 1.5 | AW60: 2 | BD60: https://www.fotmob.com/players/1252861/nanan-houssou
A61: 877678 | B61: Chris Allan | C61: Charleston Battery | D61: Eastern | E61: En plantilla | F61: Mediocampista | G61: CDM | H61: CDM | I61: 4 | J61: 28 | K61: 1998-09-27 | L61: England | M61: 178 | N61: 50000 | P61: 12 | Q61: 296 | T61: 1 | U61: 0 | AC61: 2 | AD61: 0.6 | AW61: 1 | BD61: https://www.fotmob.com/players/877678/chris-allan
A62: 1921633 | B62: Jack Wayne | C62: Charleston Battery | D62: Eastern | E62: En plantilla | F62: Mediocampista | I62: 17 | J62: 18 | K62: 2008-07-22 | L62: USA | M62: 178 | P62: 5 | Q62: 43 | BD62: https://www.fotmob.com/players/1921633/jack-wayne
A63: 2205532 | B63: Briggs Gwozdo | C63: Charleston Battery | D63: Eastern | E63: En plantilla | F63: Mediocampista | I63: 36 | J63: 17 | K63: 2009-08-19 | L63: USA | M63: 180 | BD63: https://www.fotmob.com/players/2205532/briggs-gwozdo
A64: 1124831 | B64: Jeremy Kelly | C64: Charleston Battery | D64: Eastern | E64: En plantilla | F64: Delantero | G64: LW | H64: LW,LM,CAM | I64: 29 | J64: 28 | K64: 1997-10-21 | L64: USA | M64: 175 | N64: 50000 | P64: 26 | Q64: 2192 | R64: 7.47 | S64: 2 | T64: 2 | U64: 0 | V64: 9 | X64: 0.08 | Y64: 1.4 | Z64: 0.4 | AA64: 6.1 | AB64: 2 | AC64: 49 | AD64: 2 | AE64: 10 | AF64: 35.9 | AG64: 83 | AH64: 2.2 | AI64: 61.6 | AJ64: 1 | AK64: 49 | AN64: 2.2 | AO64: 1.4 | AP64: 0.5 | AQ64: 0.2 | AS64: 3.3 | AT64: 0.5 | AU64: 1.6 | AV64: 0.7 | AW64: 2 | BD64: https://www.fotmob.com/players/1124831/jeremy-kelly
A65: 1166273 | B65: Miguel Berry | C65: Charleston Battery | D65: Eastern | E65: En plantilla | F65: Delantero | G65: ST | H65: ST,CAM | I65: 90 | J65: 29 | K65: 1997-09-16 | L65: Spain | M65: 191 | N65: 74148 | P65: 26 | Q65: 2008 | R65: 7.09 | S65: 4 | T65: 7 | U65: 0 | V65: 5 | X65: 0.31 | Y65: 3 | Z65: 1.1 | AA65: 10.6 | AB65: 7 | AC65: 29 | AD65: 1.3 | AE65: 6 | AF65: 14 | AG65: 74.3 | AH65: 0.7 | AI65: 57.7 | AJ65: 1.1 | AK65: 45.5 | AL65: 1 | AM65: 2.1 | AN65: 1.2 | AO65: 0.4 | AP65: 0.1 | AQ65: 0.5 | AR65: 0.1 | AS65: 2.2 | AT65: 0.5 | AU65: 1.4 | AV65: 1.3 | AW65: 6 | BD65: https://www.fotmob.com/players/1166273/miguel-berry
A66: 919527 | B66: Maalique Foster | C66: Charleston Battery | D66: Eastern | E66: En plantilla | F66: Delantero | G66: RW | H66: RW,RM | I66: 99 | J66: 29 | K66: 1996-11-05 | L66: Jamaica | M66: 168 | N66: 50000 | P66: 26 | Q66: 1468 | R66: 6.9 | S66: 2 | T66: 9 | U66: 0 | V66: 2 | X66: 0.55 | Y66: 1.9 | Z66: 1.1 | AA66: 29 | AB66: 9 | AC66: 22 | AD66: 1.3 | AE66: 1 | AF66: 17.5 | AG66: 80.8 | AH66: 0.5 | AI66: 44.4 | AJ66: 0.4 | AK66: 33.3 | AN66: 1.7 | AO66: 0.6 | AP66: 0.6 | AQ66: 0.5 | AS66: 2.5 | AT66: 0.5 | AU66: 1.3 | AV66: 1 | AW66: 4 | BD66: https://www.fotmob.com/players/919527/maalique-foster
A67: 1666357 | B67: Colton Swan | C67: Charleston Battery | D67: Eastern | E67: En plantilla | F67: Delantero | G67: ST | H67: ST | I67: 30 | J67: 19 | K67: 2007-05-03 | L67: USA | M67: 185 | N67: 396619 | P67: 20 | Q67: 1073 | R67: 6.91 | S67: 2 | T67: 7 | U67: 0 | V67: 2 | X67: 0.59 | Y67: 2.7 | Z67: 1.2 | AA67: 21.9 | AB67: 6 | AC67: 11 | AD67: 0.9 | AE67: 4 | AF67: 10.1 | AG67: 71.9 | AH67: 0.1 | AI67: 50 | AJ67: 0.7 | AK67: 44.4 | AL67: 1 | AM67: 0.9 | AN67: 1.7 | AO67: 0.8 | AP67: 0.2 | AQ67: 0.7 | AR67: 0.1 | AS67: 1.3 | AT67: 0.5 | AU67: 0.8 | AV67: 1.2 | BD67: https://www.fotmob.com/players/1666357/colton-swan
A68: 1047604 | B68: Wilmer Cabrera | C68: Charleston Battery | D68: Eastern | E68: En plantilla | F68: Delantero | G68: ST | H68: ST,RW,LW,RM | I68: 13 | J68: 26 | K68: 2000-07-29 | L68: USA | M68: 175 | P68: 24 | Q68: 794 | R68: 6.63 | S68: 0 | T68: 4 | U68: 0 | V68: 2 | X68: 0.45 | Y68: 2.9 | Z68: 1.6 | AA68: 15.4 | AB68: 3 | AC68: 9 | AD68: 1 | AE68: 2 | AF68: 18 | AG68: 77.9 | AH68: 0.5 | AI68: 50 | AJ68: 1.1 | AK68: 37 | AN68: 2.4 | AO68: 1.7 | AP68: 0.5 | AQ68: 0.2 | AS68: 2.2 | AT68: 0.2 | AU68: 1.2 | AV68: 1.1 | BD68: https://www.fotmob.com/players/1047604/wilmer-cabrera
A69: 1518693 | B69: Alec Hughes | C69: Charleston Battery | D69: Eastern | E69: En plantilla | F69: Delantero | G69: ST | H69: ST | I69: 12 | J69: 24 | K69: 2002-01-22 | L69: USA | M69: 193 | P69: 13 | Q69: 188 | T69: 2 | U69: 0 | X69: 0.96 | Y69: 4.3 | Z69: 2.4 | AA69: 22.2 | AB69: 3 | AC69: 1 | AD69: 0.5 | AF69: 8.1 | AG69: 70.8 | AJ69: 0.5 | AK69: 50 | AN69: 1.4 | AQ69: 1.4 | AS69: 0.5 | AT69: 0.5 | AU69: 0 | AV69: 3.4 | BD69: https://www.fotmob.com/players/1518693/alec-hughes
A70: 2221955 | B70: Camilo Sánchez | C70: Charleston Battery | D70: Eastern | E70: En plantilla | F70: Delantero | G70: ST | H70: ST | I70: 9 | J70: 28 | K70: 1998-08-12 | L70: Colombia | M70: 187 | P70: 3 | Q70: 108 | T70: 1 | U70: 0 | AC70: 1 | AD70: 0.8 | AE70: 1 | BD70: https://www.fotmob.com/players/2221955/camilo-sanchez
A71: 1257960 | B71: Colin Shutler | C71: Colorado Springs Switchbacks FC | D71: Western | E71: En plantilla | F71: Portero | G71: GK | H71: GK | I71: 22 | J71: 28 | K71: 1998-08-02 | L71: USA | M71: 185 | N71: 82944 | P71: 14 | Q71: 1260 | R71: 6.11 | S71: 0 | AC71: 2 | AD71: 0.1 | AF71: 24.1 | AG71: 78.2 | AN71: 0.8 | AQ71: 0.8 | AS71: 8.3 | AZ71: 2 | BA71: 1.4 | BB71: 50 | BC71: 1.4 | BD71: https://www.fotmob.com/players/1257960/colin-shutler
A72: 1082233 | B72: Christian Herrera | C72: Colorado Springs Switchbacks FC | D72: Western | E72: En plantilla | F72: Portero | G72: GK | H72: GK | I72: 1 | J72: 29 | K72: 1997-04-20 | L72: Mexico | M72: 201 | N72: 50000 | P72: 12 | Q72: 1080 | AW72: 1 | AZ72: 3 | BD72: https://www.fotmob.com/players/1082233/christian-herrera
A73: 2096676 | B73: Samuel Jones | C73: Colorado Springs Switchbacks FC | D73: Western | E73: En plantilla | F73: Portero | G73: GK | H73: GK | I73: 30 | J73: 25 | K73: 2001-07-13 | L73: USA | M73: 191 | BD73: https://www.fotmob.com/players/2096676/samuel-jones
A74: 1302830 | B74: Talen Maples | C74: Colorado Springs Switchbacks FC | D74: Western | E74: En plantilla | F74: Defensa | G74: CB | H74: CB,RB | I74: 24 | J74: 27 | K74: 1998-11-20 | L74: USA | M74: 183 | N74: 81614 | P74: 25 | Q74: 2094 | R74: 6.6 | S74: 1 | V74: 2 | Y74: 0.5 | Z74: 0 | AA74: 0 | AB74: 3 | AC74: 7 | AD74: 0.3 | AE74: 3 | AF74: 43.2 | AG74: 83.8 | AH74: 4.3 | AI74: 47.2 | AJ74: 0.2 | AK74: 57.1 | AN74: 5.7 | AO74: 0.6 | AP74: 0.8 | AQ74: 3.7 | AR74: 0.6 | AS74: 3.1 | AV74: 0.6 | AW74: 1 | BD74: https://www.fotmob.com/players/1302830/talen-maples
A75: 1450959 | B75: Aidan Rocha | C75: Colorado Springs Switchbacks FC | D75: Western | E75: En plantilla | F75: Defensa | G75: RB | H75: RB,LB | I75: 18 | J75: 25 | K75: 2000-12-25 | L75: USA | M75: 175 | N75: 112791 | P75: 21 | Q75: 1775 | R75: 6.88 | S75: 1 | V75: 2 | Y75: 0.9 | Z75: 0.2 | AA75: 0 | AB75: 1 | AC75: 26 | AD75: 1.3 | AE75: 3 | AF75: 34 | AG75: 83.1 | AH75: 2.6 | AI75: 48.6 | AJ75: 0.4 | AK75: 46.7 | AN75: 4.3 | AO75: 1 | AP75: 1.3 | AQ75: 1.7 | AR75: 0.3 | AS75: 3.9 | AT75: 0.3 | AU75: 1.7 | AV75: 1.1 | AW75: 3 | BD75: https://www.fotmob.com/players/1450959/aidan-rocha
A76: 945641 | B76: Matt Mahoney | C76: Colorado Springs Switchbacks FC | D76: Western | E76: En plantilla | F76: Defensa | G76: CB | H76: CB,RB | I76: 5 | J76: 31 | K76: 1995-04-17 | L76: USA | M76: 180 | P76: 23 | Q76: 1610 | R76: 6.65 | S76: 0 | Y76: 0.4 | Z76: 0.1 | AA76: 0 | AB76: 1 | AC76: 7 | AD76: 0.4 | AF76: 47.7 | AG76: 85.4 | AH76: 3.5 | AI76: 47.3 | AJ76: 0.2 | AK76: 60 | AN76: 7.9 | AO76: 1 | AP76: 0.8 | AQ76: 5.6 | AR76: 0.4 | AS76: 3.8 | AT76: 0.2 | AU76: 2.1 | AV76: 0.4 | BD76: https://www.fotmob.com/players/945641/matt-mahoney
A77: 802493 | B77: Patrick Burner | C77: Colorado Springs Switchbacks FC | D77: Western | E77: En plantilla | F77: Defensa | G77: RB | H77: RB,LB | I77: 97 | J77: 30 | K77: 1996-04-11 | L77: Martinique | M77: 170 | N77: 72000 | P77: 17 | Q77: 1264 | R77: 6.8 | S77: 0 | Y77: 1.1 | Z77: 0.1 | AA77: 0 | AC77: 15 | AD77: 1.1 | AE77: 3 | AF77: 24.5 | AG77: 74.3 | AH77: 2.3 | AI77: 33.7 | AJ77: 0.8 | AK77: 61.1 | AN77: 5 | AO77: 1.6 | AP77: 1.4 | AQ77: 1.9 | AR77: 0.1 | AS77: 4 | AT77: 0.1 | AU77: 2.2 | AV77: 1.6 | AW77: 5 | BD77: https://www.fotmob.com/players/802493/patrick-burner
A78: 1286428 | B78: Garven Metusala | C78: Colorado Springs Switchbacks FC | D78: Western | E78: En plantilla | F78: Defensa | G78: CB | H78: CB | I78: 23 | J78: 26 | K78: 1999-12-31 | L78: Haiti | M78: 186 | N78: 53805 | P78: 17 | Q78: 1199 | R78: 6.69 | S78: 0 | T78: 2 | U78: 0 | X78: 0.15 | Y78: 0.7 | Z78: 0.4 | AA78: 22.2 | AC78: 5 | AD78: 0.4 | AF78: 43.2 | AG78: 89 | AH78: 2.6 | AI78: 46.6 | AJ78: 0.2 | AK78: 60 | AN78: 6.9 | AO78: 0.8 | AP78: 0.9 | AQ78: 4.7 | AR78: 0.6 | AS78: 3.8 | AT78: 0.1 | AU78: 1.7 | AV78: 1 | AX78: 1 | BD78: https://www.fotmob.com/players/1286428/garven-metusala
A79: 1341149 | B79: Isaiah Foster | C79: Colorado Springs Switchbacks FC | D79: Western | E79: En plantilla | F79: Defensa | G79: LB | H79: LB | I79: 12 | J79: 23 | K79: 2003-08-12 | L79: USA | M79: 183 | N79: 79951 | P79: 13 | Q79: 760 | T79: 1 | U79: 0 | V79: 1 | X79: 0.12 | Y79: 0.8 | Z79: 0.2 | AA79: 14.3 | AC79: 4 | AD79: 0.5 | AE79: 2 | AF79: 25 | AG79: 73 | AH79: 0.8 | AI79: 19.4 | AJ79: 0.2 | AK79: 40 | AN79: 6.5 | AO79: 2.1 | AP79: 2.1 | AQ79: 2.3 | AS79: 3.6 | AT79: 0.1 | AU79: 1.3 | AV79: 1.1 | AW79: 3 | BD79: https://www.fotmob.com/players/1341149/isaiah-foster
A80: 649744 | B80: Duke Lacroix | C80: Colorado Springs Switchbacks FC | D80: Western | E80: En plantilla | F80: Defensa | G80: LB | H80: LB,RB,CB | I80: 14 | J80: 32 | K80: 1993-10-14 | L80: Haiti | M80: 175 | N80: 50000 | P80: 7 | Q80: 441 | AC80: 4 | AD80: 0.8 | AW80: 1 | BD80: https://www.fotmob.com/players/649744/duke-lacroix
A81: 1899033 | B81: Jabari De Coteau | C81: Colorado Springs Switchbacks FC | D81: Western | E81: En plantilla | F81: Defensa | G81: RB | H81: RB,RWB | I81: 3 | J81: 21 | K81: 2005-03-22 | L81: Grenada | M81: 185 | P81: 3 | Q81: 257 | V81: 1 | AB81: 2 | AC81: 2 | AD81: 0.7 | BD81: https://www.fotmob.com/players/1899033/jabari-de-coteau
A82: 1520240 | B82: Brennan Creek | C82: Colorado Springs Switchbacks FC | D82: Western | E82: En plantilla | F82: Mediocampista | G82: CAM | H82: CAM,CDM,CM | I82: 37 | J82: 26 | K82: 2000-07-06 | L82: USA | M82: 175 | N82: 67094 | P82: 25 | Q82: 1686 | R82: 6.98 | S82: 0 | T82: 1 | U82: 0 | X82: 0.05 | Y82: 1 | Z82: 0.2 | AA82: 5.6 | AC82: 30 | AD82: 1.6 | AE82: 3 | AF82: 33.1 | AG82: 80.5 | AH82: 1.3 | AI82: 36.9 | AJ82: 0.3 | AK82: 50 | AN82: 4.3 | AO82: 1.5 | AP82: 1.5 | AQ82: 1.1 | AR82: 0.2 | AS82: 3.3 | AT82: 0.4 | AU82: 2 | AV82: 1.2 | AW82: 6 | BD82: https://www.fotmob.com/players/1520240/brennan-creek
A83: 1026083 | B83: Adrien Pérez | C83: Colorado Springs Switchbacks FC | D83: Western | E83: En plantilla | F83: Mediocampista | G83: RW | H83: RW,CAM | I83: 10 | J83: 30 | K83: 1995-10-13 | L83: USA | M83: 180 | N83: 104387 | P83: 23 | Q83: 1508 | R83: 7.2 | S83: 4 | T83: 6 | U83: 0 | V83: 2 | X83: 0.36 | Y83: 3.6 | Z83: 1 | AA83: 10 | AB83: 4 | AC83: 54 | AD83: 3.2 | AE83: 3 | AF83: 18.8 | AG83: 75 | AH83: 0.8 | AI83: 50 | AJ83: 1.7 | AK83: 51.9 | AN83: 2 | AO83: 1.1 | AP83: 0.4 | AQ83: 0.4 | AR83: 0.1 | AS83: 3.5 | AT83: 1 | AU83: 2 | AV83: 1.3 | AW83: 2 | BD83: https://www.fotmob.com/players/1026083/adrien-perez
A84: 1269365 | B84: Sam Williams | C84: Colorado Springs Switchbacks FC | D84: Western | E84: En plantilla | F84: Mediocampista | G84: CDM | H84: CDM,CM | I84: 6 | J84: 21 | K84: 2005-03-18 | L84: USA | M84: 178 | N84: 268564 | P84: 22 | Q84: 1445 | R84: 7.04 | S84: 0 | V84: 3 | Y84: 0.7 | Z84: 0.2 | AA84: 0 | AC84: 31 | AD84: 1.9 | AE84: 2 | AF84: 41.6 | AG84: 87.1 | AH84: 1.6 | AI84: 50 | AJ84: 0.3 | AK84: 71.4 | AN84: 3.9 | AO84: 1.1 | AP84: 1 | AQ84: 1.3 | AR84: 0.5 | AS84: 4.4 | AT84: 0.4 | AU84: 2.7 | AV84: 0.7 | AW84: 1 | BD84: https://www.fotmob.com/players/1269365/sam-williams
A85: 1252846 | B85: Frank Daroma | C85: Colorado Springs Switchbacks FC | D85: Western | E85: En plantilla | F85: Mediocampista | G85: CDM | H85: CDM,CAM,CM | I85: 8 | J85: 25 | K85: 2001-04-12 | L85: Sierra Leone | M85: 163 | N85: 94400 | P85: 21 | Q85: 1028 | R85: 6.64 | S85: 0 | V85: 2 | Y85: 1.2 | Z85: 0.2 | AA85: 0 | AC85: 4 | AD85: 0.4 | AE85: 1 | AF85: 37.1 | AG85: 90.4 | AH85: 1.6 | AI85: 64.3 | AJ85: 0.6 | AK85: 46.7 | AN85: 3.3 | AO85: 1.6 | AP85: 1.2 | AQ85: 0.4 | AR85: 0.1 | AS85: 5.4 | AT85: 0.6 | AU85: 3.2 | AV85: 1.2 | AW85: 1 | BD85: https://www.fotmob.com/players/1252846/frank-daroma
A86: 671835 | B86: Speedy Williams | C86: Colorado Springs Switchbacks FC | D86: Western | E86: En plantilla | F86: Mediocampista | G86: CDM | H86: CDM,CM | I86: 80 | J86: 34 | K86: 1992-04-08 | L86: Jamaica | M86: 173 | N86: 82944 | P86: 14 | Q86: 793 | R86: 6.63 | S86: 0 | Y86: 1 | Z86: 0.1 | AA86: 0 | AC86: 5 | AD86: 0.6 | AF86: 43.6 | AG86: 89.1 | AH86: 2.4 | AI86: 75 | AJ86: 0.3 | AK86: 60 | AN86: 2.4 | AO86: 0.7 | AP86: 0.5 | AQ86: 1 | AR86: 0.2 | AS86: 4.2 | AT86: 0.1 | AU86: 2.7 | AV86: 1.2 | AW86: 2 | BD86: https://www.fotmob.com/players/671835/speedy-williams
A87: 1252220 | B87: Steven Echevarria | C87: Colorado Springs Switchbacks FC | D87: Western | E87: En plantilla | F87: Mediocampista | G87: CDM | H87: CDM,CAM,CM | I87: 13 | J87: 30 | K87: 1996-04-09 | L87: Puerto Rico | M87: 175 | N87: 59349 | P87: 14 | Q87: 510 | V87: 1 | Y87: 0.5 | Z87: 0.2 | AA87: 0 | AC87: 5 | AD87: 0.9 | AF87: 27.4 | AG87: 83.8 | AH87: 0.9 | AI87: 33.3 | AJ87: 0.4 | AK87: 40 | AN87: 3.9 | AO87: 1.8 | AP87: 1.1 | AQ87: 1.1 | AS87: 3.2 | AT87: 0.5 | AU87: 1.9 | AV87: 1.2 | AW87: 1 | BD87: https://www.fotmob.com/players/1252220/steven-echevarria
A88: 1058359 | B88: Tyreek Magee | C88: Colorado Springs Switchbacks FC | D88: Western | E88: En plantilla | F88: Mediocampista | G88: CAM | H88: CAM | I88: 21 | J88: 27 | K88: 1999-08-27 | L88: Jamaica | M88: 180 | N88: 72000 | P88: 10 | Q88: 304 | T88: 1 | U88: 0 | V88: 1 | AC88: 12 | AD88: 3.6 | AE88: 1 | AW88: 1 | BD88: https://www.fotmob.com/players/1058359/tyreek-magee
A89: 1921662 | B89: Dane Valenti | C89: Colorado Springs Switchbacks FC | D89: Western | E89: En plantilla | F89: Mediocampista | G89: CM | H89: CM | I89: 51 | J89: 18 | K89: 2007-10-31 | L89: USA | M89: 168 | BD89: https://www.fotmob.com/players/1921662/dane-valenti
A90: 940300 | B90: Khori Bennett | C90: Colorado Springs Switchbacks FC | D90: Western | E90: En plantilla | F90: Delantero | G90: ST | H90: ST | I90: 90 | J90: 28 | K90: 1997-12-13 | L90: Jamaica | M90: 183 | N90: 72000 | P90: 25 | Q90: 2098 | R90: 6.93 | S90: 2 | T90: 14 | U90: 6 | X90: 0.6 | Y90: 3 | Z90: 1 | AA90: 20.3 | AB90: 6 | AC90: 19 | AD90: 0.8 | AE90: 1 | AF90: 7.6 | AG90: 73.3 | AH90: 0.2 | AI90: 36.4 | AJ90: 0.3 | AK90: 31.6 | AL90: 2 | AM90: 1.8 | AN90: 0.9 | AO90: 0.2 | AP90: 0 | AQ90: 0.6 | AR90: 0 | AS90: 1.2 | AT90: 0.7 | AU90: 0.6 | AV90: 1.8 | AW90: 2 | BD90: https://www.fotmob.com/players/940300/khori-bennett
A91: 1886516 | B91: Sadam Masereka | C91: Colorado Springs Switchbacks FC | D91: Western | E91: En plantilla | F91: Delantero | G91: LW | H91: LW,RW | I91: 17 | J91: 22 | K91: 2004-09-09 | L91: Uganda | M91: 175 | N91: 129838 | P91: 23 | Q91: 988 | R91: 6.62 | S91: 1 | T91: 1 | U91: 0 | V91: 4 | X91: 0.09 | Y91: 2.8 | Z91: 0.3 | AA91: 3.2 | AB91: 1 | AC91: 26 | AD91: 2.4 | AE91: 3 | AF91: 16.4 | AG91: 75 | AH91: 0.6 | AI91: 35 | AJ91: 1.7 | AK91: 36.5 | AL91: 2 | AM91: 1.5 | AN91: 2 | AO91: 1.5 | AP91: 0.2 | AQ91: 0.4 | AS91: 4.2 | AT91: 1.1 | AU91: 1.9 | AV91: 1.7 | AW91: 5 | BD91: https://www.fotmob.com/players/1886516/sadam-masereka
A92: 1048898 | B92: Juan Tejada | C92: Colorado Springs Switchbacks FC | D92: Western | E92: En plantilla | F92: Delantero | G92: ST | H92: ST,CAM | I92: 27 | J92: 29 | K92: 1997-01-14 | L92: Panama | M92: 170 | N92: 105576 | P92: 22 | Q92: 949 | R92: 6.55 | S92: 1 | T92: 3 | U92: 0 | V92: 1 | X92: 0.28 | Y92: 2.3 | Z92: 0.6 | AA92: 12.5 | AB92: 1 | AC92: 9 | AD92: 0.9 | AE92: 2 | AF92: 15.8 | AG92: 81.1 | AH92: 0.5 | AI92: 55.6 | AJ92: 0.9 | AK92: 43.5 | AN92: 2 | AO92: 0.7 | AP92: 0.7 | AQ92: 0.5 | AR92: 0.2 | AS92: 2.3 | AT92: 0.4 | AU92: 1.4 | AV92: 2.6 | AW92: 4 | BD92: https://www.fotmob.com/players/1048898/juan-tejada
A93: 538520 | B93: Jonas Fjeldberg | C93: Colorado Springs Switchbacks FC | D93: Western | E93: En plantilla | F93: Delantero | G93: LW | H93: LW,RW | I93: 7 | J93: 28 | K93: 1998-09-30 | L93: Norway | M93: 178 | N93: 50000 | P93: 24 | Q93: 931 | R93: 6.87 | S93: 0 | T93: 6 | U93: 0 | X93: 0.58 | Y93: 4.2 | Z93: 1.8 | AA93: 14 | AB93: 5 | AC93: 12 | AD93: 1.2 | AF93: 16.2 | AG93: 77.4 | AH93: 0.9 | AI93: 52.9 | AJ93: 1.6 | AK93: 37.8 | AL93: 1 | AM93: 3.5 | AN93: 2.7 | AO93: 1.7 | AP93: 0.4 | AQ93: 0.6 | AS93: 3.4 | AT93: 0.8 | AU93: 1.9 | AV93: 1.5 | BD93: https://www.fotmob.com/players/538520/jonas-fjeldberg
A94: 1348316 | B94: Yosuke Hanya | C94: Colorado Springs Switchbacks FC | D94: Western | E94: En plantilla | F94: Delantero | G94: LW | H94: LW,RW | I94: 20 | J94: 27 | K94: 1999-01-30 | L94: Japan | M94: 173 | N94: 125562 | P94: 16 | Q94: 930 | R94: 6.76 | S94: 0 | T94: 1 | U94: 0 | V94: 2 | X94: 0.1 | Y94: 1.6 | Z94: 0.6 | AA94: 5.9 | AB94: 3 | AC94: 13 | AD94: 1.3 | AE94: 4 | AF94: 15.3 | AG94: 77.1 | AH94: 0.6 | AI94: 66.7 | AJ94: 1.5 | AK94: 34.8 | AL94: 2 | AM94: 3.3 | AN94: 1.6 | AO94: 1.1 | AP94: 0.1 | AQ94: 0.5 | AS94: 3.3 | AT94: 0.6 | AU94: 2.1 | AV94: 2.5 | AW94: 1 | BD94: https://www.fotmob.com/players/1348316/yosuke-hanya
A95: 1408628 | B95: Bryce Jamison | C95: Colorado Springs Switchbacks FC | D95: Western | E95: En plantilla | F95: Delantero | G95: RM | H95: RM,RW,LW,CAM | I95: 11 | J95: 20 | K95: 2006-01-06 | L95: USA | M95: 183 | N95: 566954 | P95: 7 | Q95: 446 | V95: 1 | AB95: 1 | AC95: 3 | AD95: 0.6 | AE95: 2 | BD95: https://www.fotmob.com/players/1408628/bryce-jamison
A96: 1079287 | B96: Elvis Amoh | C96: Colorado Springs Switchbacks FC | D96: Western | E96: En plantilla | F96: Delantero | G96: ST | H96: ST | I96: 25 | J96: 34 | K96: 1992-02-02 | L96: Ghana | M96: 191 | N96: 135838 | P96: 8 | Q96: 133 | T96: 1 | U96: 0 | BD96: https://www.fotmob.com/players/1079287/elvis-amoh
A97: 1946334 | B97: Griffin Price | C97: Colorado Springs Switchbacks FC | D97: Western | E97: En plantilla | F97: Delantero | I97: 52 | J97: 20 | K97: 2006-05-06 | L97: USA | M97: 175 | BD97: https://www.fotmob.com/players/1946334/griffin-price
A98: 2119829 | B98: Jesus Sandoval | C98: Colorado Springs Switchbacks FC | D98: Western | E98: En plantilla | F98: Delantero | I98: 55 | J98: 20 | K98: 2006-08-01 | L98: Colombia | M98: 178 | BD98: https://www.fotmob.com/players/2119829/jesus-sandoval
A99: 1928364 | B99: Rashed Jahan | C99: Colorado Springs Switchbacks FC | D99: Western | E99: En plantilla | F99: Delantero | G99: RW | H99: RW | I99: 70 | J99: 21 | K99: 2005-07-26 | L99: Afghanistan | M99: 175 | BD99: https://www.fotmob.com/players/1928364/rashed-jahan
A100: 1357579 | B100: Carlos Herrera | C100: Detroit City FC | D100: Eastern | E100: En plantilla | F100: Portero | G100: GK | H100: GK | I100: 1 | J100: 29 | K100: 1997-09-12 | L100: USA | M100: 188 | N100: 50000 | P100: 23 | Q100: 2070 | R100: 7.01 | S100: 0 | AF100: 22.7 | AG100: 71.8 | AN100: 0.8 | AQ100: 0.8 | AS100: 7.9 | AZ100: 12 | BA100: 2.1 | BB100: 75.4 | BC100: 0.7 | BD100: https://www.fotmob.com/players/1357579/carlos-herrera
...

Sheet Equipos
A1: Club | B1: Conferencia | C1: Jugadores en plantilla | D1: Porteros | E1: Defensas | F1: Mediocampistas | G1: Delanteros | H1: Edad media | I1: Jugadores fuera de plantilla (jugaron 2026)
A2: Birmingham Legion FC | B2: Eastern | C2: =COUNTIFS(Jugadores!$C:$C,A2,Jugadores!$E:$E,"En plantilla") -> 23 | D2: =COUNTIFS(Jugadores!$C:$C,A2,Jugadores!$F:$F,"Portero") -> 2 | E2: =COUNTIFS(Jugadores!$C:$C,A2,Jugadores!$F:$F,"Defensa") -> 10 | F2: =COUNTIFS(Jugadores!$C:$C,A2,Jugadores!$F:$F,"Mediocampista") -> 7 | G2: =COUNTIFS(Jugadores!$C:$C,A2,Jugadores!$F:$F,"Delantero") -> 7 | H2: =AVERAGEIFS(Jugadores!$J:$J,Jugadores!$C:$C,A2,Jugadores!$E:$E,"En plantilla") -> 26.434783 | I2: =COUNTIFS(Jugadores!$C:$C,A2,Jugadores!$E:$E,"Fuera de plantilla actual") -> 3
A3: Brooklyn | B3: Eastern | C3: =COUNTIFS(Jugadores!$C:$C,A3,Jugadores!$E:$E,"En plantilla") -> 21 | D3: =COUNTIFS(Jugadores!$C:$C,A3,Jugadores!$F:$F,"Portero") -> 3 | E3: =COUNTIFS(Jugadores!$C:$C,A3,Jugadores!$F:$F,"Defensa") -> 7 | F3: =COUNTIFS(Jugadores!$C:$C,A3,Jugadores!$F:$F,"Mediocampista") -> 7 | G3: =COUNTIFS(Jugadores!$C:$C,A3,Jugadores!$F:$F,"Delantero") -> 7 | H3: =AVERAGEIFS(Jugadores!$J:$J,Jugadores!$C:$C,A3,Jugadores!$E:$E,"En plantilla") -> 26.380952 | I3: =COUNTIFS(Jugadores!$C:$C,A3,Jugadores!$E:$E,"Fuera de plantilla actual") -> 3
A4: Charleston Battery | B4: Eastern | C4: =COUNTIFS(Jugadores!$C:$C,A4,Jugadores!$E:$E,"En plantilla") -> 25 | D4: =COUNTIFS(Jugadores!$C:$C,A4,Jugadores!$F:$F,"Portero") -> 4 | E4: =COUNTIFS(Jugadores!$C:$C,A4,Jugadores!$F:$F,"Defensa") -> 7 | F4: =COUNTIFS(Jugadores!$C:$C,A4,Jugadores!$F:$F,"Mediocampista") -> 8 | G4: =COUNTIFS(Jugadores!$C:$C,A4,Jugadores!$F:$F,"Delantero") -> 7 | H4: =AVERAGEIFS(Jugadores!$J:$J,Jugadores!$C:$C,A4,Jugadores!$E:$E,"En plantilla") -> 25.52 | I4: =COUNTIFS(Jugadores!$C:$C,A4,Jugadores!$E:$E,"Fuera de plantilla actual") -> 1
A5: Detroit City FC | B5: Eastern | C5: =COUNTIFS(Jugadores!$C:$C,A5,Jugadores!$E:$E,"En plantilla") -> 27 | D5: =COUNTIFS(Jugadores!$C:$C,A5,Jugadores!$F:$F,"Portero") -> 3 | E5: =COUNTIFS(Jugadores!$C:$C,A5,Jugadores!$F:$F,"Defensa") -> 8 | F5: =COUNTIFS(Jugadores!$C:$C,A5,Jugadores!$F:$F,"Mediocampista") -> 6 | G5: =COUNTIFS(Jugadores!$C:$C,A5,Jugadores!$F:$F,"Delantero") -> 10 | H5: =AVERAGEIFS(Jugadores!$J:$J,Jugadores!$C:$C,A5,Jugadores!$E:$E,"En plantilla") -> 27.666667 | I5: =COUNTIFS(Jugadores!$C:$C,A5,Jugadores!$E:$E,"Fuera de plantilla actual") -> 0
A6: Hartford Athletic | B6: Eastern | C6: =COUNTIFS(Jugadores!$C:$C,A6,Jugadores!$E:$E,"En plantilla") -> 27 | D6: =COUNTIFS(Jugadores!$C:$C,A6,Jugadores!$F:$F,"Portero") -> 2 | E6: =COUNTIFS(Jugadores!$C:$C,A6,Jugadores!$F:$F,"Defensa") -> 6 | F6: =COUNTIFS(Jugadores!$C:$C,A6,Jugadores!$F:$F,"Mediocampista") -> 12 | G6: =COUNTIFS(Jugadores!$C:$C,A6,Jugadores!$F:$F,"Delantero") -> 8 | H6: =AVERAGEIFS(Jugadores!$J:$J,Jugadores!$C:$C,A6,Jugadores!$E:$E,"En plantilla") -> 24.888889 | I6: =COUNTIFS(Jugadores!$C:$C,A6,Jugadores!$E:$E,"Fuera de plantilla actual") -> 1
A7: Indy Eleven | B7: Eastern | C7: =COUNTIFS(Jugadores!$C:$C,A7,Jugadores!$E:$E,"En plantilla") -> 24 | D7: =COUNTIFS(Jugadores!$C:$C,A7,Jugadores!$F:$F,"Portero") -> 3 | E7: =COUNTIFS(Jugadores!$C:$C,A7,Jugadores!$F:$F,"Defensa") -> 12 | F7: =COUNTIFS(Jugadores!$C:$C,A7,Jugadores!$F:$F,"Mediocampista") -> 4 | G7: =COUNTIFS(Jugadores!$C:$C,A7,Jugadores!$F:$F,"Delantero") -> 7 | H7: =AVERAGEIFS(Jugadores!$J:$J,Jugadores!$C:$C,A7,Jugadores!$E:$E,"En plantilla") -> 26.958333 | I7: =COUNTIFS(Jugadores!$C:$C,A7,Jugadores!$E:$E,"Fuera de plantilla actual") -> 2
A8: Loudoun United FC | B8: Eastern | C8: =COUNTIFS(Jugadores!$C:$C,A8,Jugadores!$E:$E,"En plantilla") -> 25 | D8: =COUNTIFS(Jugadores!$C:$C,A8,Jugadores!$F:$F,"Portero") -> 3 | E8: =COUNTIFS(Jugadores!$C:$C,A8,Jugadores!$F:$F,"Defensa") -> 9 | F8: =COUNTIFS(Jugadores!$C:$C,A8,Jugadores!$F:$F,"Mediocampista") -> 10 | G8: =COUNTIFS(Jugadores!$C:$C,A8,Jugadores!$F:$F,"Delantero") -> 6 | H8: =AVERAGEIFS(Jugadores!$J:$J,Jugadores!$C:$C,A8,Jugadores!$E:$E,"En plantilla") -> 25.36 | I8: =COUNTIFS(Jugadores!$C:$C,A8,Jugadores!$E:$E,"Fuera de plantilla actual") -> 3
A9: Louisville City FC | B9: Eastern | C9: =COUNTIFS(Jugadores!$C:$C,A9,Jugadores!$E:$E,"En plantilla") -> 28 | D9: =COUNTIFS(Jugadores!$C:$C,A9,Jugadores!$F:$F,"Portero") -> 5 | E9: =COUNTIFS(Jugadores!$C:$C,A9,Jugadores!$F:$F,"Defensa") -> 5 | F9: =COUNTIFS(Jugadores!$C:$C,A9,Jugadores!$F:$F,"Mediocampista") -> 12 | G9: =COUNTIFS(Jugadores!$C:$C,A9,Jugadores!$F:$F,"Delantero") -> 6 | H9: =AVERAGEIFS(Jugadores!$J:$J,Jugadores!$C:$C,A9,Jugadores!$E:$E,"En plantilla") -> 26.107143 | I9: =COUNTIFS(Jugadores!$C:$C,A9,Jugadores!$E:$E,"Fuera de plantilla actual") -> 0
A10: Miami FC | B10: Eastern | C10: =COUNTIFS(Jugadores!$C:$C,A10,Jugadores!$E:$E,"En plantilla") -> 27 | D10: =COUNTIFS(Jugadores!$C:$C,A10,Jugadores!$F:$F,"Portero") -> 5 | E10: =COUNTIFS(Jugadores!$C:$C,A10,Jugadores!$F:$F,"Defensa") -> 13 | F10: =COUNTIFS(Jugadores!$C:$C,A10,Jugadores!$F:$F,"Mediocampista") -> 7 | G10: =COUNTIFS(Jugadores!$C:$C,A10,Jugadores!$F:$F,"Delantero") -> 6 | H10: =AVERAGEIFS(Jugadores!$J:$J,Jugadores!$C:$C,A10,Jugadores!$E:$E,"En plantilla") -> 24.814815 | I10: =COUNTIFS(Jugadores!$C:$C,A10,Jugadores!$E:$E,"Fuera de plantilla actual") -> 4
A11: Pittsburgh Riverhounds SC | B11: Eastern | C11: =COUNTIFS(Jugadores!$C:$C,A11,Jugadores!$E:$E,"En plantilla") -> 24 | D11: =COUNTIFS(Jugadores!$C:$C,A11,Jugadores!$F:$F,"Portero") -> 3 | E11: =COUNTIFS(Jugadores!$C:$C,A11,Jugadores!$F:$F,"Defensa") -> 7 | F11: =COUNTIFS(Jugadores!$C:$C,A11,Jugadores!$F:$F,"Mediocampista") -> 11 | G11: =COUNTIFS(Jugadores!$C:$C,A11,Jugadores!$F:$F,"Delantero") -> 4 | H11: =AVERAGEIFS(Jugadores!$J:$J,Jugadores!$C:$C,A11,Jugadores!$E:$E,"En plantilla") -> 25.458333 | I11: =COUNTIFS(Jugadores!$C:$C,A11,Jugadores!$E:$E,"Fuera de plantilla actual") -> 1
A12: Rhode Island FC | B12: Eastern | C12: =COUNTIFS(Jugadores!$C:$C,A12,Jugadores!$E:$E,"En plantilla") -> 27 | D12: =COUNTIFS(Jugadores!$C:$C,A12,Jugadores!$F:$F,"Portero") -> 3 | E12: =COUNTIFS(Jugadores!$C:$C,A12,Jugadores!$F:$F,"Defensa") -> 7 | F12: =COUNTIFS(Jugadores!$C:$C,A12,Jugadores!$F:$F,"Mediocampista") -> 10 | G12: =COUNTIFS(Jugadores!$C:$C,A12,Jugadores!$F:$F,"Delantero") -> 9 | H12: =AVERAGEIFS(Jugadores!$J:$J,Jugadores!$C:$C,A12,Jugadores!$E:$E,"En plantilla") -> 24.555556 | I12: =COUNTIFS(Jugadores!$C:$C,A12,Jugadores!$E:$E,"Fuera de plantilla actual") -> 2
A13: Sporting JAX | B13: Eastern | C13: =COUNTIFS(Jugadores!$C:$C,A13,Jugadores!$E:$E,"En plantilla") -> 30 | D13: =COUNTIFS(Jugadores!$C:$C,A13,Jugadores!$F:$F,"Portero") -> 3 | E13: =COUNTIFS(Jugadores!$C:$C,A13,Jugadores!$F:$F,"Defensa") -> 11 | F13: =COUNTIFS(Jugadores!$C:$C,A13,Jugadores!$F:$F,"Mediocampista") -> 12 | G13: =COUNTIFS(Jugadores!$C:$C,A13,Jugadores!$F:$F,"Delantero") -> 6 | H13: =AVERAGEIFS(Jugadores!$J:$J,Jugadores!$C:$C,A13,Jugadores!$E:$E,"En plantilla") -> 26.533333 | I13: =COUNTIFS(Jugadores!$C:$C,A13,Jugadores!$E:$E,"Fuera de plantilla actual") -> 2
... A26: San Antonio FC | B26: Western | C26: =COUNTIFS(Jugadores!$C:$C,A26,Jugadores!$E:$E,"En plantilla") -> 28 | D26: =COUNTIFS(Jugadores!$C:$C,A26,Jugadores!$F:$F,"Portero") -> 4 | E26: =COUNTIFS(Jugadores!$C:$C,A26,Jugadores!$F:$F,"Defensa") -> 10 | F26: =COUNTIFS(Jugadores!$C:$C,A26,Jugadores!$F:$F,"Mediocampista") -> 7 | G26: =COUNTIFS(Jugadores!$C:$C,A26,Jugadores!$F:$F,"Delantero") -> 9 | H26: =AVERAGEIFS(Jugadores!$J:$J,Jugadores!$C:$C,A26,Jugadores!$E:$E,"En plantilla") -> 26.428571 | I26: =COUNTIFS(Jugadores!$C:$C,A26,Jugadores!$E:$E,"Fuera de plantilla actual") -> 2
A27: TOTAL | C27: =SUM(C2:C26) -> 669 | D27: =SUM(D2:D26) -> 85 | E27: =SUM(E2:E26) -> 235 | F27: =SUM(F2:F26) -> 220 | G27: =SUM(G2:G26) -> 185 | H27: =AVERAGEIFS(Jugadores!$J:$J,Jugadores!$E:$E,"En plantilla") -> 25.508221 | I27: =SUM(I2:I26) -> 56

Sheet Notas
A1: Campo | B1: Detalle
A2: Fuente | B2: FotMob — USL Championship 2026 (liga 8972, temporada 30301). Plantillas: fotmob.com/teams/[id]/squad. Estadísticas: data.fotmob.com/stats/8972/season/30301/*.json
A3: Fecha de extracción | B3: 30 sep 2026 (tras ~26 jornadas de temporada regular)
A4: Cobertura | B4: 669 jugadores en plantillas actuales de los 25 clubes + 56 que jugaron en 2026 pero ya no figuran en ninguna plantilla (cedidos/traspasados/liberados). Entrenadores excluidos.
A5: Métricas /90 | B5: FotMob solo publica las métricas por 90 min a partir de un mínimo de minutos; una celda vacía significa "sin dato / por debajo del umbral", no cero.
A6: Valor est. FotMob (€) | B6: Estimación algorítmica de FotMob, no valor de mercado real ni salario. Útil solo como referencia relativa.
A7: Lexington SC | B7: LSC aparece incluido como referencia de comparación; filtrar Club ≠ "Lexington SC" para ver objetivos externos.
A8: Rating FotMob / MVP partido | B8: Rating medio de temporada; MVP = veces nombrado jugador del partido.
A9: Estado del contrato | B9: No disponible en FotMob — pendiente de otra fuente si se usa como criterio.
A10: Próximo paso | B10: Añadir criterios de scouting (posición, edad, minutos mínimos, métricas clave) y construir ranking/percentiles por posición.
